SMILES,UMAP_1,UMAP_2,UMAP_3
CC(C)(C)c1ccc2occ(CC(=O)Nc3ccccc3F)c2c1,6.340418,11.108646,12.735639
CCOC(=O)[C@@H]1CCCN(C(=O)c2nc(-c3ccc(C)cc3)n3c2CCCCC3)C1,7.7074585,11.588925,12.217811
COc1ccc(C(=O)N(C)[C@@H](C)C/C(N)=N/O)cc1O,5.2323675,11.834453,12.246259
C[C@@H]1CN(C(=O)c2cc(Br)cn2C)CC[C@H]1[NH3+],4.936806,11.519697,12.69654
CC(C)Cc1nc(SCC(=O)NC[C@@H]2CCCO2)c2c(=O)n(C)c(=O)n(C)c2n1,7.5050406,10.996185,12.101449
CCCCC(=O)NC(=S)Nc1ccccc1C(=O)N1CCOCC1,6.3216276,11.713358,12.5933895
Cc1nc2c(c(Nc3ncc(C)s3)n1)CCN(C(=O)CCc1ccccc1)C2,6.989415,11.405089,12.402033
O=C(NCCNC(=O)N1C[C@H]2CC=CC[C@@H]2C1)c1cccnc1,6.223504,11.705703,12.303496
Cc1cccn2c(=O)c(C(=O)NC[C@H]3CCO[C@@H]3C(C)C)cnc12,6.666347,11.438021,12.849208
C[C@@H](NC(=O)COC(=O)/C=C/c1ccc(Cl)cc1)c1ccccc1,6.054869,11.00763,12.327197
CCC[NH2+][C@@H]1COC[C@H]1C(=O)NCc1cscc1C,5.1561437,12.267342,12.767094
CC(=O)c1ccc(S(=O)(=O)N2CCCC[C@H]2C)cc1,6.0985036,11.409728,10.932735
CCn1cc(S(=O)(=O)N2CCCCC[C@@H]2c2cc(-c3ccc(F)cc3)no2)cn1,7.115485,11.102445,11.410096
CCn1cc(C(=O)N[C@H]2CC(=O)N(C)C2)c(C(C)C)n1,5.5784473,12.045816,12.355116
COc1ccc([C@@H](C)NC(=O)Cc2cccc3ccccc23)cc1,6.3112736,10.960403,12.754227
CCn1c(CC2CC[NH2+]CC2)nn(CCO)c1=O,5.0921836,12.416572,12.2972145
C=CCn1c(S[C@H](C)C(=O)N2CCC(C)CC2)nnc1-c1ccc(Cl)cc1,7.0272818,11.556856,12.717178
CCO[C@H]1C(=O)O[C@H]([C@@H](O)CO)C1=O,4.665238,11.904404,12.139666
COc1ccc([C@@H](NC(=O)Nc2cc(C)ccc2Cl)C2CCOCC2)cc1,6.8948493,11.698338,12.314446
C[C@H](Cc1cccs1)N(C)C[C@@H]1CCCC[C@@H]1[NH3+],4.9692144,12.626311,12.749519
CCOc1ncnc(S(=O)(=O)CC)c1N,5.7798715,11.387335,11.107115
CC[C@@H](NC(=O)N(C)Cc1ccc(-c2ccccc2)cc1)c1ccncc1,7.015295,11.543788,12.321218
O=C(Nc1ccc(-c2nc3ccccc3o2)cc1)[C@H]1CCCN1S(=O)(=O)c1ccc(F)cc1,7.449944,11.079978,11.571686
CCc1nnc(-c2cc3ccccc3n2CC(=O)NC(C)(C)C)o1,6.3981495,11.389326,12.723689
CCCCOc1ccccc1C[C@@H]([NH3+])C(=O)[O-],4.8621955,12.082354,12.232234
C[C@H]1C(=O)N(c2ccc3c(c2)CCC3)CCN1C(=O)c1ccc(Cl)c(Cl)c1,6.8116884,11.258774,12.390463
N#CC1(NC(=O)COc2cccc(Cl)c2)CCCC1,5.071568,11.546054,12.343314
Cc1cc(Cl)ccc1OCC(=O)N/N=C/c1ccccn1,5.3035507,11.13352,12.409309
O=C1NC(=S)NC(=O)C1=CNc1ccc([N+](=O)[O-])cc1O,5.6335654,10.824204,12.034506
Cc1c(C(=O)N2CCOCC2)oc2c1-c1nn(CC(=O)NCc3ccco3)cc1CC2,7.677399,11.347514,12.230363
COc1ccc([C@H]2C[C@@H](C(F)(F)F)n3nc(C(=O)NC4CCCCC4)cc3N2)cc1OC,6.1255817,10.350927,11.2726345
O=[N+]([O-])c1c(Nc2ccc(F)c(F)c2)ncnc1Oc1cccc2cccnc12,6.45569,10.601697,12.108573
CC(C)(C)n1ncc2c1CCC[C@H]2NC(=O)CSc1nc2ccccc2o1,6.882054,11.488569,12.89505
Cc1ccc([C@@H](C)NC(=O)N[C@@H](CCO)c2cccs2)cc1,5.7176456,11.545111,12.639201
Cc1ccccc1N1C(=O)C[C@H]([NH+](C2CCCCC2)C2CCCCC2)C1=O,7.1395674,12.214782,12.499499
CS(=O)(=O)[C@H]1O[C@H]1c1ccc(Cl)cc1Cl,4.9959297,11.410871,11.858945
CCOC(=O)[C@H]1C=C(C#N)O[C@@H](c2ccc(C)cc2)C1,5.481048,11.56877,12.434197
O=C1c2ccccc2N[C@H](CSC2=NC=NC3=NC=N[C@@H]32)N1c1ccc(Cl)cc1,7.2357607,11.01878,12.407707
CCc1nc2ccccc2c(C(=O)NCc2ccc(OC)c(C(=O)OC)c2)c1C,7.340604,11.098604,12.342058
Cc1nnccc1C(=O)N[C@H](C)c1ccc(Cl)s1,5.0205293,11.2239685,12.483516
CCOc1cccc(NC(=O)CCc2ccc(N)cc2)c1,5.2625055,11.666185,12.633859
CC(C)N(C)C(=O)[C@H]1CSCN1C(=O)/C=C/SCc1ccco1,6.1187296,12.005483,12.47322
CCC1(CC)[C@@H](NC(=O)Nc2ccc(C(=O)NC)cc2)[C@H](C)[C@@H]1OC,6.828436,12.174624,12.236521
Cc1ccc2ncc(C(=O)Nc3ncccc3OCc3ccncc3)n2c1,6.674637,10.77102,12.559681
O=C(Cn1nnn(-c2cccs2)c1=O)OC1CCCCC1,5.8866234,11.504478,12.539746
CCc1c(C(=O)Nc2ccc3c(c2)NC(=O)CS3)[nH]c(C)c1C(C)=O,6.4724193,11.152906,12.600038
COc1ccc(C(=O)/C=C(\C)Nc2ccc(F)cc2F)cc1,5.560701,11.019198,12.002189
O=C(C=C1CCSCC1)N[C@@H]1CCC[C@H]1Cc1ccccc1,5.783452,12.293812,12.61608
C[C@@H](Sc1nc(/C=C/c2cccs2)n[nH]1)C(=O)N1CCOCC1,6.0281925,11.579045,12.477381
Cc1cccc(C(=O)N[C@@H](C(=O)N2CCC[C@@H](C)C2)C(C)C)c1,5.899011,12.476985,12.40341
Cc1cnc(C(=O)Nc2ccc(N(C)C3CC[NH+](C)CC3)cc2)cn1,6.7020345,12.026504,12.4726305
COc1ccc(F)cc1C(=O)Nc1nccs1,5.039603,11.123418,12.0668
CC[C@@H](C)[C@@H]([NH3+])c1ccc(Cl)s1,4.612824,12.145833,12.706784
CCOC[C@H]1CC[NH+](Cc2ccc(-c3nc4ccccc4s3)o2)C1,6.5903172,11.768613,12.8436365
Cc1ccc([N+](=O)[O-])cc1NC(=O)C(=O)N1CC[C@H]([NH+]2CCCC2)C1,6.5332227,11.712582,12.219685
O=C(NCc1cccs1)C1(c2cccc(Cl)c2)CCC1,5.438122,11.436484,12.762743
COc1ccc([C@@H]([NH2+]Cc2ccc(Cl)nc2)c2ccc(F)cc2)cc1,6.4180946,11.056602,12.203061
CCc1ncc(CN(C)C(=O)Nc2c(C)ccc([N+](=O)[O-])c2C)s1,6.4259357,11.35857,12.337572
c1ccc2nc(NCCCc3nc4ccccc4[nH]3)cnc2c1,6.2851934,11.101234,13.057238
O=C(Nc1ccccc1F)c1cc2ccccc2c2cccnc12,6.52328,10.747572,12.79425
Cc1ccccc1N1C(=O)/C(=C/c2cccn2-c2cccc([N+](=O)[O-])c2)C([O-])=NC1=S,7.17471,10.70559,12.01589
C#CCN(C[C@H]1CCCO1)C(=O)N[C@@H](C)c1cccc([N+](=O)[O-])c1,5.943204,11.550106,12.058682
CCOC(=O)c1sc(/C=C/c2nc3c(s2)CCC3)nc1C,5.4212174,11.142884,12.602623
CCC[NH2+][C@]1(C(=O)OCC)CC[C@H](n2cc(Cl)c(C)n2)C1,5.844688,12.222745,12.754083
Cc1cc(NC(=O)CSc2nnc3c4ccccc4n(C)c3n2)ccc1Br,6.5352516,10.552289,12.753156
CC#CCC(=O)C1([NH+](CC)CC)CCCC1,5.0526805,12.48452,12.517238
Cc1ccc(-c2cc(NC(=O)C(C)C)c(=O)n(CC(=O)Nc3cccc(C)c3)n2)cc1,7.4909053,11.265686,12.040037
CCn1cc(/C=C/C(=O)c2ccc3ccccc3c2)cn1,5.9194107,11.117548,12.935142
COCCn1nnnc1[C@@H](C(C)C)N1CCSCC1,5.5627446,12.305483,12.633321
C/C=C/C[C@]1(C(=O)[O-])CCN(C(=O)OC(C)(C)C)C1,5.6252675,12.482287,11.965972
Cc1cc(N(C)C)ccc1NC(=O)c1c[nH]c2nccc(Cl)c12,6.1484766,10.927883,12.755314
CCOC(=O)c1cccc(NC(=O)c2cn[nH]c2C)c1,5.300295,11.352561,12.272366
CCOC(=O)[C@H]1CCCN(C(=O)c2cc(C(C)C)n(C)n2)C1,6.0277047,12.102558,12.5506935
CCCCNC(=O)CCc1c(C)nc2c3ccccc3nn2c1C,6.3348284,11.259511,13.010431
C[C@@H]1CCO[C@@H]1C(=O)N1CC[C@H](C(N)=O)c2ccccc21,5.6645145,11.785154,12.744728
CCC[NH2+][C@H](Cc1nn(C)c2ccccc12)c1ncc[nH]1,6.021235,11.436227,12.99139
CC(C)c1noc(-c2cc[nH+]c(N3CCN(C(=O)[C@H]4C[C@H]4C)CC3)c2)n1,6.7244735,11.963625,13.03283
Cc1ccc([C@]2([NH3+])CC[C@@H]2C)cc1,4.5903287,12.330274,12.685596
CSc1ccccc1NC(=O)N[C@@H](CO)c1ccc(Cl)cc1,5.6361666,11.163634,12.523428
O=C(COC(=O)C1(c2ccccc2F)CCCC1)N1CCOCC1,6.405916,11.60039,12.22115
CC1(C)C(=O)NCC[NH+]1Cc1ccc(OCC(F)F)cc1,5.6500254,11.460863,11.892489
C[C@@H]([C@@H](O)c1ccc2ncnn2c1)[N+](=O)[O-],4.720975,11.4582615,12.146328
C[C@H](Oc1ccc(Cl)c(Cl)c1)C(=O)NC[C@H]1CCC[C@@H]1O,5.4391475,11.243026,12.443774
ClC(Cl)(Cl)c1nonc1C(Cl)(Cl)Cl,5.0936866,10.875884,12.055192
C[C@@H](Nc1ccc(COC(C)(C)C)cc1)c1ccc(C#N)cc1,5.8604116,12.415852,12.222447
NC(=O)c1ccc(NC(=O)c2cccn(Cc3ccc(F)cc3)c2=O)cc1,6.5176044,10.88408,12.13536
COc1cc(OC)cc([C@H]2CC[NH+](CCC(F)(F)F)C2)c1,5.8550806,10.628265,11.46102
CCn1ccnc(N2CCCC[C@@H](N3CC[NH+](C)CC3)C2)c1=O,6.7414584,12.384004,12.519873
C[C@@H]1CCC[C@](O)(c2ccc(Cl)s2)CC1,4.8219504,12.130567,12.776582
CCNc1ccc2c(OC)ccc(F)c2n1,4.7880273,11.665721,12.298795
Fc1ccc([C@@H]2C[C@@H](c3ccc(Br)cc3)Nc3ncnn32)cc1Br,5.9156246,10.4801035,12.685197
COc1ccc(O)c(CNC2CC[NH+](Cc3ccccc3Cl)CC2)c1,6.840843,12.046315,12.5220175
C[C@@H]1[C@H](C(=O)[O-])CCN1S(=O)(=O)c1ccc(F)c(Cl)c1,5.9560723,11.037154,11.102686
COc1cccc(C2=C[C@H](C(=O)N3CCCCC3)N=N2)c1,5.8658204,11.873485,12.74698
C[C@@H](Nc1ccc2c(c1)CCC2)C(=O)N1CCCC1,5.4803677,12.226081,12.850315
Cc1ccc(C)c2nc3sc(C(=O)Nc4ccc5c(c4)OCO5)c(N)c3cc12,6.9374657,10.711719,12.728303
O=C(Cc1ccc(Cl)cc1)/N=C1/S[C@@H]2CS(=O)(=O)C[C@H]2N1c1cc(Cl)ccc1Cl,6.965304,10.9796505,11.570133
Cc1cccc(C)c1NC(=O)C[NH+]1CCC(OCc2ccc(F)cc2)CC1,7.103018,11.892895,12.3639
C[C@H]1CCC[C@@H](C)N1C(=O)[C@@H]1COCCO1,4.8160563,12.591753,12.347361
Cc1cccc(NC(=O)CN2C(=O)/C(=C3\SC(=S)N(Cc4ccco4)C3=O)c3ccccc32)c1,7.617166,10.934052,11.951559
CCCNC(=O)[C@H]1CS[C@H](c2ccccc2O)N1C(C)=O,5.9363866,11.576655,12.836722
COc1ccc(NC(=O)CCc2ccc3c(c2)OCCO3)cc1OC,6.324782,11.113457,12.3373995
Cc1ccccc1C(=O)Nc1ccc(N2CC[NH+](Cc3ccccc3)CC2)cc1,7.432417,11.805701,12.340329
COc1ccccc1CC(=O)N[C@@H]1CS(=O)(=O)C[C@H]1Cl,5.929566,11.530002,11.06067
c1cc(-c2nc3c4cn[nH]c4ncn3n2)ccc1COc1ccc2c(c1)CCC2,6.9524646,10.6816845,12.952732
Cn1cc(C(N)=O)c(NC(=O)c2ccc3sccc3c2)n1,5.5430326,10.828275,12.516341
CC(=O)Nc1ccc(O[C@H](C)c2nc(C(C)(C)C)no2)cc1,5.8938627,12.307947,11.983459
CC(C)CNC(=O)NC(=O)[C@@H](C)Nc1ccc(OC(C)C)cc1,6.044176,12.388888,12.1456995
C=C[C@](C)(O)CC[C@H]1C(C)=CC(=O)[C@H]2C(C)(C)CCC[C@@]21C,5.754205,12.852359,12.506529
Cc1cc(Br)ccc1SCC(=O)N1CCC(C(=O)c2ccc3c(c2)OCCO3)CC1,7.4478617,11.428339,12.227078
C[C@H](CN(C)C(=O)c1ccc(F)c(F)c1F)C(=O)[O-],5.4014344,10.871619,11.727255
CN(C(=O)CSCC(F)(F)F)c1cccc([N+](=O)[O-])c1,5.7260284,10.508838,11.300499
CC(C)(C)OC(=O)N1CC[C@H]2CC(=O)[C@H]2C1,5.4634714,12.501841,12.024054
C[C@@H]1C[C@@H]1C(=O)Nc1ccc(F)cc1C(=O)NC1CCC(O)CC1,6.281213,11.849521,12.718381
COc1ccccc1CNC(=O)COc1ncnc2oc(C)c(C)c12,6.4619074,11.012492,12.548121
Fc1ccc(F)c(C[NH+]2CCC(n3cc(-c4cccnc4)nn3)CC2)c1F,6.645032,11.116012,12.185826
O=C(C[NH+]1CCC(C(=O)c2ccc(Cl)cc2)CC1)NC[C@H]1COCCO1,6.908799,11.973986,12.361309
CCc1nc2n(n1)CCC[C@H]2NC(=O)c1ccc(-n2cc(C)cn2)cc1,6.6403823,11.449847,12.6585865
O=C([C@H]1CCCN1S(=O)(=O)N1CCCCC1)N1CCSCC1,6.50571,11.609774,10.816577
O=C(CN1CCN(Cc2ccc(F)c(F)c2)CC1)c1cccs1,5.9935045,11.600292,12.247205
COC(=O)[C@]1(NC2CC2)CC[C@H](Sc2ncc(C)cn2)C1,6.0185776,12.107029,12.936663
COc1ccc(OC)c(S(=O)(=O)n2cc3c(=O)n(C)c(=O)n(C)c3n2)c1,6.505527,10.953308,11.281031
Cc1nnsc1C(=O)Nc1nnc(-c2ccc(Br)cc2)o1,5.514891,10.667018,12.515156
CCN(Cc1ccc(OC)c(OC)c1)C(=O)C[NH+]1CC[C@@H](C)[C@H](O)C1,6.9081078,12.199667,12.503929
CCn1c(=O)c(=O)[nH]c2cc(C(=O)NN3C(=O)N[C@](C)(c4ccccc4)C3=O)ccc21,7.3898997,11.176144,12.122276
CCNc1ncc(COc2cccc3ccccc23)s1,5.6813207,11.179284,12.981252
Cc1noc(C)c1CCCNC(=O)c1c(C)nn(Cc2ccccc2)c1C,6.8879137,11.400769,12.575271
Cc1ccc(NC(=O)C[C@H]2SC([N-]c3ccc(N(C)C)cc3)=NC2=O)c(C)c1,7.096202,11.326249,12.220675
CO[C@H]1CCCC[C@H]1NC(=O)NC[C@H](c1cccc(F)c1)[NH+](C)C,6.23985,12.304446,12.252812
Cc1nn(C)c(C)c1CN[C@H]1CCC[NH2+]C1,4.891553,12.474406,12.744123
Cc1cc(=O)[nH]c(SCC(=O)N2C[C@]3(C)C[C@H]2CC(C)(C)C3)n1,6.197872,12.468156,12.049404
Cc1nnc(SCC(=O)c2cc(C)n(CC(F)(F)F)c2C)s1,5.918361,10.429121,11.554107
CC(C)CN(CCC#N)C(=O)NC[C@@H]1CC[C@H](C(=O)[O-])O1,5.3225346,12.51131,12.178451
Cc1cc(CN2CCN3C(=O)NC[C@@H]3C2)cc(C)c1OC(F)F,6.0452867,10.8437395,11.657659
CCCCCN1C(=O)/C(=C/c2ccc(O)c(OCC)c2)SC1=S,6.2728825,11.617396,12.832666
N#CCCN(Cc1ccccc1)C(=S)NC(=O)c1cccc(Cl)c1,5.844846,10.837328,12.532221
CNC(=O)CN1c2ccccc2C(=O)N(C)[C@H]1c1ccccc1O,6.6207705,11.015505,12.430035
CC(=O)N[C@H](C)C(=O)Nc1ccc(Sc2nncs2)c(Cl)c1,5.499016,10.815796,12.365043
COC(=O)CCCc1nnc(NC(=O)N2CCC[C@@H]3CCC[C@@H]32)s1,6.417065,11.957824,12.16795
COc1cc(C)c([C@@H](C)NC(=O)CSC2CCCC2)cc1OC,6.324962,12.254759,12.5643215
Cn1cccc1Cc1nnc(SCC(=O)Nc2ccc3c(c2)OCCO3)n1C,7.027739,11.057965,12.201516
CC[NH+]1CCN(C2(CNC(=O)c3ccccc3Br)CCCCC2)CC1,6.7060213,12.292639,12.703393
CCCCn1nc(C)c(C[NH2+]C[C@@H](C)O)c1Cl,4.9938407,12.297143,12.59071
C/C=C/C=C/C(=O)N1C[C@@H](C(=O)OC)[C@@H](C)C1,5.0179157,12.292126,12.211653
Cc1ccc(C)c(NC(=S)NCCc2cccs2)c1,5.0447946,11.762739,12.76645
CNc1ncc(F)c(-c2cccc(Cl)c2)n1,4.824341,11.324226,12.190166
Cc1ccc(-c2nnc(SCC(=O)Nc3ccc(CC#N)cc3)n2N)cc1,6.8179183,10.81542,12.37638
CCN[C@H](c1cccnc1)C1([NH+]2CCCCC2)CCCC1,5.5549617,12.785541,12.626616
Cn1ncc2c(NCc3ccco3)nc(CCc3ccccc3)nc21,6.588768,11.109907,12.885398
Cc1nnc(CCC[NH+]2CCC(CC[NH+]3CCCC[C@@H]3C)CC2)o1,6.6672273,12.57706,12.514031
COc1ccc(N2/C(=N/C(=O)CCCC(=O)[O-])S[C@@H]3CS(=O)(=O)C[C@H]32)cc1Cl,7.0123596,10.991539,11.630813
CC(=O)C1=C([O-])C(=O)N(CCC2=c3ccccc3=[NH+][C@H]2C)[C@H]1c1ccccc1F,7.475041,11.058451,12.253978
Cc1ccc([C@H]2C[C@@H]2NC(=O)N2CCC(C(N)=O)CC2)cc1C,6.385115,12.027136,12.913352
Cc1nc2n(n1)CCC[C@@H]2N[C@@H]1CCc2c(Cl)cc(Cl)cc21,6.144526,11.122864,12.98633
CC(C)Oc1ccc(-c2nc(C(=O)O[C@@H](C)[C@@H]3CCOC3)cs2)cc1,6.405104,11.714451,12.728377
CN(C[C@@H]1CCCN(C(=O)NCCc2ccc(F)cc2)C1)C(=O)OC(C)(C)C,6.7704253,12.426816,12.083709
Cc1nc(-c2ccc(Cl)s2)sc1C(=O)N[C@H]1C[C@H]1C,5.2697935,11.119088,12.633037
CC1=C(C(=O)OC(C)C)[C@H](C)N=C1C(=O)Nc1ncc(C)s1,5.6323442,11.920623,12.182266
O=C(NCCCn1ncccc1=O)[C@@H]1CC(=O)N(c2ccccc2)C1,6.489553,11.306979,12.198491
Cn1ncnc1CCNC(=O)[C@H]1C[C@@H]1c1cc(Cl)cc(Cl)c1,6.3005753,11.577073,13.027771
CCOc1ccc(S(=O)(=O)N2CCC(c3nnc(C4CC4)o3)CC2)cc1,6.855746,11.319741,11.04703
COc1ccc(C(=O)OCc2nc3ccccc3s2)cn1,5.5445585,10.946781,12.604464
N#C/C(C(=O)NC1CCCC1)=C(/[O-])Cc1cnn(-c2ccccc2)c1,6.26897,11.518366,12.511152
CC[C@]1(c2ccccc2)NC(=O)N(CCOc2ccc(Cl)cc2Cl)C1=O,6.525502,11.135474,12.390781
COc1ccc(OC)c(NC(=O)c2ccc3c(c2)C(=O)N(c2cc(C)on2)C3=O)c1,7.3210235,10.797684,12.035831
Cn1ncc2c1CC/C(=C\c1ccc(-n3cncn3)c(F)c1)C2=O,6.139252,10.883399,12.380072
O=C(Cc1ccc([N+](=O)[O-])cc1)NCC1(O)CCOCC1,5.6945477,11.565732,12.140545
C[C@H]1N=C(CCNC(=O)CCC2=c3ccccc3=[NH+]C2)CS1,5.964406,11.680201,12.712879
CC[C@@H](C)NS(=O)(=O)c1cc(N2C(=O)[C@@H](C)CS2(=O)=O)ccc1OC,6.647638,11.216726,10.987862
CC[S@](=O)[C@H]1CCCC[C@@H]1NC(=O)NC[C@H](O)c1ccco1,5.9545207,12.202756,12.345336
Cc1ccccc1OCC(=O)O[C@@H](C)c1nccs1,5.1777554,11.299258,12.504403
Cc1cc(Br)ccc1NC(=O)[C@@H](C)[NH+](C)Cc1cccs1,5.1095915,11.15724,12.658467
CC(C)OCCN1CCN(C(=O)Nc2ccccc2C(F)(F)F)CC1,5.9093885,10.448334,11.328427
Cc1ccc(C[C@H](O)c2c(F)cc(Br)cc2F)cc1,5.276118,11.060028,12.170824
Cc1nc(CNC(=O)C(=O)Nc2cc(Cl)ccc2Cl)no1,5.400468,10.913539,12.299498
O=C(COc1ccc(Br)cc1)N[C@H]1CCS(=O)(=O)C1,5.2583995,11.179855,11.78259
CC(C)c1ccc2oc(-c3ccc(C[NH3+])cc3)nc2c1,5.481028,11.599398,12.932681
CN(CC1CCCC1)C(=O)C(=O)Nc1cccc(SC(F)F)c1,5.8271704,11.402169,12.007791
COCCOC[C@H]1CC[NH+](C2C[C@@H](C)O[C@H](C)C2)C1,5.166413,12.807018,12.614213
N#Cc1cccc(NC(=O)N2CCC(NC(=O)CC3CCCC3)CC2)c1,6.7244167,12.009186,12.301778
N#CCC[NH2+]C1(C(=O)[O-])CC1,4.592923,12.340504,12.290342
CC[C@@H](Oc1ccccc1OC)C(=O)NCc1ccccn1,5.7698603,11.238217,12.289185
CC(C)Cn1cc[nH+]c1CN[C@@H](c1ccccc1)C(C)C,5.5083995,12.614142,12.619408
O=C(CBr)c1cnc2ccc(Cl)cn12,4.7567377,11.157174,12.389974
CC[NH+]1CCC[C@@]2(CC1)C[NH+]=C(N)N2c1ccc(C)cc1,5.6819015,12.685644,12.661061
CN(C)c1ccc(/C=C(/C#N)C(=O)c2cccc(C#N)c2)cc1,5.5825243,11.441579,12.476293
CCCC[C@@H](NC(N)=O)C(=O)Nc1cc(OC)ccc1F,5.451124,11.448407,12.00301
Cc1ccc(F)cc1NC(=O)C(=O)NCCCn1cc[nH+]c1,5.6762476,11.293928,12.012938
Nc1cc(=O)[nH]c(SCC(=O)Nc2nc(-c3ccc(Br)cc3)cs2)n1,5.885021,10.5914345,12.442353
CCc1noc(CN(CC)C(=O)C(C)(C)NC(=O)c2cccs2)n1,6.2926908,11.777185,12.445058
CC(C)C[C@](C)(O)CNC(=O)CC[C@H](C)O,5.06594,12.647652,12.222407
C=C[C@@H](C)NC(=O)c1c(C)cc(C)c([N+](=O)[O-])c1C,4.977157,11.732514,12.281004
CCCn1c(S[C@H](C(N)=O)c2ccccc2)nc2sc(CC)cc2c1=O,6.8097253,11.292117,12.9337015
CC1=C(C(=O)C2=C([O-])C(=O)N(CC[NH+](C)C)[C@H]2c2cccc(Cl)c2)[C@H](C)N=N1,7.532327,11.184296,12.351021
CCOc1ccc([C@@H]2Nc3ccc(C(=O)N(C)C)cc3[C@H]3C=CC[C@H]32)cc1,7.300579,11.301697,12.708537
Cc1cnc2nc(C[C@H](O)C(F)(F)F)[nH]c2c1,5.452928,10.373756,11.300147
CCN(CC(C)(C)O)C(=O)COCc1ccccc1Cl,5.4430566,12.297127,12.159491
O=C(Nc1cccc2ccccc12)NC1CC[NH+](CC(F)F)CC1,6.338055,11.493074,12.102854
Cc1cc(C)c(C(=O)Cn2nc(N)n(Nc3cccs3)c2=S)c(C)c1,6.542487,11.044476,12.668963
O=C(N[C@H]1C=C[C@H](C(=O)[O-])C1)c1cc(F)c(Cl)cc1Cl,5.2996016,10.8942175,12.060061
O=S(=O)(NCc1ccc(Cl)cc1Cl)c1ccccc1Br,5.317877,10.690563,12.543939
O[C@H]1CCCCC[C@H]1n1cc(-c2ccccc2Cl)cn1,5.5076404,11.795941,12.825561
COc1ccc(CC[C@H]2C[C@@H](C(C)(C)C)CCC2=O)cc1,5.577311,12.701501,12.454604
COc1ccc(C)cc1[C@@H](C)NC[C@@H]1CN(C2CC2)CCO1,5.8138146,12.437316,12.784562
O=C1N(C[NH+]2CCN(c3ccccc3)CC2)c2ccccc2C12O[C@@H]1CCCC[C@H]1O2,7.8703156,11.47306,12.224513
CC(C)c1nc(C(=O)[O-])nn1-c1ccccc1F,5.049229,11.406178,12.11144
C1=C[C@H]2C[C@@H]1C[C@H]2CN1CC[NH+](C2CCCCCC2)CC1,5.682241,13.007123,12.547168
CCCOC(=O)c1ccc(NC(=O)c2ccc[n+]([O-])c2)cc1,5.742093,11.108327,12.181852
CCOc1cc(CO)cc(Br)c1OCc1ccccc1F,5.2089753,10.946425,12.494292
CC(C)[C@H](O)CCNC(=O)C(=O)Nc1ccn(-c2ncccc2Cl)n1,6.1190505,11.476183,12.388295
CCN(Cc1ccccc1)C(=O)c1cc(NC(=O)Cc2ccccc2)n(C)n1,7.175714,11.448514,12.202017
CC(C)CC(=O)N1CCN(C(=O)c2cnc3c(c2)NC(=O)CO3)CC1,6.6678557,11.332964,12.196504
COc1ccc(-c2noc(-c3cc(-c4ccc(Cl)cc4)n[nH]3)n2)cc1OC,6.6518393,10.572801,12.457629
CCN(CCO)C(=O)Nc1cccc(C(=O)Nc2cccc(C#N)c2)c1,6.313542,11.292835,12.129212
Cc1cccc(-c2nn(C[NH+]3CCCCC3)c(=S)n2-c2ccccc2)c1,6.57712,11.696795,12.983644
C[NH2+][C@@H](C1CCCC1)[C@@H]1CCc2cccnc21,5.3005285,12.442884,12.837527
COc1cc(OC)cc(C(=O)Nc2ccccc2C(=O)NC(C)(C)C)c1,6.2573996,12.093845,11.9622345
C[C@@H](C(=O)N1CCCC1)N1CCN(C(=O)NCc2ccco2)CC1,6.56535,12.159924,12.365323
COc1ccc(C(=O)O[C@@H](C)[C@@H]2CCCO2)cc1OC(F)F,5.8471065,10.817247,11.663625
Cc1ccc(/C=C2/SC(=S)N(CCC(=O)N3CCCc4ccccc43)C2=O)cc1,7.267067,11.302746,12.324992
Cc1ccc2c(c1)CCN2C(=O)c1ccc(C)nc1C,5.731203,11.360245,12.979301
CCOc1ccc(F)c(C(=O)OC[C@H]2CCCCO2)c1F,5.2786717,11.553145,12.049385
COc1ccc(Cl)cc1S(=O)(=O)N[C@H](C)C(=O)NCc1ccc2c(c1)OCO2,6.888034,11.048819,11.257217
Cn1cc(C(=O)Nc2ccc(-n3ccnn3)cc2)c(C(C)(C)C)n1,6.013236,12.156986,12.092079
Clc1ccc([C@H](NCCc2nnc3ccccn23)C2CC2)cc1Cl,6.3993816,11.533693,13.135955
Cc1cc(C)cc(-c2nnc(Sc3nc(C(C)C)ns3)o2)c1,6.0738845,11.153089,12.828523
Cc1ccc(-n2nc3c(c2NC(=O)C(C)C)C[S@@](=O)C3)cc1,6.1102457,11.082845,12.675283
COc1nc(Oc2ccc3ccccc3c2)ccc1N,5.718716,10.990003,12.817696
O=C(C[C@@H](O)c1cccc(F)c1)Nc1cc(F)ccc1O,5.4197865,11.0475445,11.944104
CC(C)c1nc(CSCc2ccnn2C)no1,4.872984,11.57047,12.469765
O=C(C1CCC1)N1CCC[C@H]1c1nc2cc(-c3ccccc3)ccc2o1,6.783975,11.63253,12.972935
CC[C@@H](Oc1ccccc1/C=C1\S/C(=N\c2cccc(O)c2)N(CC)C1=O)C(=O)[O-],7.2675858,10.947814,11.966875
O[C@H](c1c(F)c(F)c(F)c(F)c1F)C(Cl)(Cl)Cl,5.316473,10.794956,11.754294
CCN(CC(=O)NCc1ccc(F)cc1)C(=O)c1cnc(-c2cccnc2)s1,6.958331,10.895162,12.020466
CN(C)C(=O)CCCNC(=O)c1ccnc(OC(C)(C)C)c1,5.832998,12.441671,12.0393
CN(C)c1cccc(C(=O)OCC(=O)C(C)(C)C)c1,5.5487103,12.397883,12.141196
[NH3+]CC1CCC(c2nc3ccc(Cl)cc3s2)CC1,5.300027,11.686977,12.898235
CCN(C(=O)NC1CC[NH+](C[C@@H](O)COC)CC1)C1CCCC1,6.321656,12.640349,12.219401
CC(C)n1cnnc1SCC(=O)Nc1ccc2c(c1)nc(C1CC1)n2C,6.741059,11.631005,13.181627
COc1ccc(CNC(=O)N2CCc3c([nH]c4ccccc34)[C@H]2C)cc1OC,7.4195237,11.232531,12.564712
COc1cc([C@@H]2C(C(=O)Nc3ccc(F)cc3)=C(C)Nc3nc(C)nn32)cc(OC)c1OC,7.7322893,10.917723,12.16896
CC[C@@H](C)[C@@H](O)C[NH2+][C@@H](c1cccs1)C1CC1,4.9698,12.351656,12.769533
C=CCN(CC=C)C(=O)C1CCN(C(=O)C(C)(C)C)CC1,5.877373,12.616282,12.261031
COc1ccc(C(=O)N2CCC[C@H](C(=O)Nc3cc(Cl)ccc3F)C2)c2ccccc12,7.58932,11.194645,11.953665
CCc1ccc(/C=C(\C#N)C(N)=O)s1,4.6045856,11.527231,12.411683
Cc1cccc(NC(=O)[C@H](C)[S@@](=O)Cc2ccc(F)c(F)c2)c1C,6.247719,11.479498,11.954237
CC[NH2+][C@@]1(C(=O)OC)CCC[C@@H](Oc2ccccc2)C1,5.479673,12.422115,12.665478
COCCCn1c(C)c(C)c(C#N)c1NC(=O)C[NH+]1CC(C)(C)C1(C)C,6.9589067,12.069045,12.188567
C[C@H]1CCC[C@@H](C)N1C(=O)[C@H]1C[C@H]1c1ccccc1Cl,5.8746743,12.172484,13.011627
COc1ccc(-n2ccc(CNC(=O)c3cc(Cl)ccc3[N+](=O)[O-])n2)cc1,6.6264253,10.54661,12.166271
CS[C@@H]1CC[C@H](NC(=O)/C=C(/C)c2ccccc2)C1,5.1376114,11.981875,12.736121
CC1(C)[C@H]2OCC[C@@H]2[C@H]1NC(=O)CCNC(=O)C12CC3CC(CC(C3)C1)C2,7.3322,12.152192,12.285282
COC(=O)CNC(=O)c1sc2ncn(CC(=O)N3CCCCC3)c(=O)c2c1C,6.9698176,11.327115,11.93613
CC(C)CCNC(=O)[C@@H](C)Oc1ccc(N)cc1C(=O)[O-],5.3986588,11.79349,12.088213
COc1ccc(F)cc1NC(=O)N1CCO[C@H](c2ccc(C)o2)C1,6.2438917,11.061193,11.947982
C[C@]1(O)[C@](C)(O)[C@@H](CO)O[C@](C)(Oc2c[nH]c3ccc(Br)c(Cl)c23)[C@]1(C)O,7.303436,11.411301,11.695959
Cn1nc(NC(=O)c2cccc(F)c2)c2c1NC(=O)C[C@@H]2c1ccccc1,7.0339484,10.887726,12.377362
C[C@@H]1CCN(C(=O)Nc2ccc(O[C@@H]3CCOC3)cc2)[C@H](C)C1,6.4290032,12.275242,12.407539
CC[C@H](C)[C@H](C)[NH2+]Cc1ncccc1F,4.7120976,12.280296,12.392292
C#CC(C)(C)NC(=O)c1ccc(OC)c(O)c1,5.25291,11.674091,12.227636
CC1CCN(C(=O)C[NH+]2CCC[C@@H](c3nc4ccccc4o3)C2)CC1,6.959018,12.192391,12.70037
O=C(CCCc1nc2ccccc2s1)N[C@H]1CCOC1=O,5.676992,11.189712,12.692835
O=c1[nH]cnc2c1[nH]c(=S)n2[C@@H]1O[C@H](CO)[C@@H](O)[C@H]1O,5.690552,11.102804,12.017353
Cc1cn2c([nH+]1)CC[C@H](NC(=O)C[C@@H]1CCCc3ccccc31)C2,6.779519,11.817645,12.837453
Fc1ccc(Oc2ccnc(Sc3nnc(-c4cccs4)o3)n2)cc1,5.8874416,10.584937,12.2931795
N#Cc1ccc(NC(=O)[C@@H]2CSCN2C(=O)c2cn(Cc3ccccc3)c3ccccc23)cc1,7.694553,11.066879,11.975499
Cc1ccc(-c2cnc(CCC(=O)N(C)C3CCOCC3)o2)cc1,6.434128,11.928253,12.532966
C[C@H](CNC(=O)c1ccc(-c2ccccc2)[nH]c1=O)Oc1ccc(F)cc1,6.6754055,10.948557,12.136684
CCOc1cccc([C@H](C)NC[C@@](C)(O)c2ccc(F)cc2F)c1,6.0772247,11.655281,12.063722
N#Cc1ccc(OCC(=O)NCc2cccc(CO)c2)cc1,5.6439357,11.269927,12.390406
[NH3+][C@H]1CCC[C@H]1CCN1C(=O)c2cccc3cccc1c23,5.72069,11.588561,12.996797
O[C@H](CSc1nnc(-c2c[nH]c3ccccc23)n1C1CC1)CN1CCOCC1,6.9894795,11.819096,12.952493
CC(C)c1ccccc1NC(=O)C[NH+](C(C)C)[C@@H]1CCCC[C@@H]1O,6.425131,12.497284,12.442693
O=C(COC(=O)c1ccc(Cl)nc1)NC(=O)Nc1ccc2c(c1)OCCO2,6.670052,10.860664,12.017419
CCC[C@@H]1C[C@H]1NC(=O)C1(c2ccc(F)cc2F)CCOCC1,6.0515776,11.755974,12.312351
CCOC(=O)C1CCC(NC(=O)[C@@](C)([NH3+])CC)CC1,5.2464943,12.666223,12.330545
Cc1cc(F)ccc1NC(=O)COc1ccc2c(c1)CCC2,5.847609,11.207421,12.493903
C[C@H](NC(=O)NCCC[S@](C)=O)c1ccc(Cl)s1,5.156435,11.922747,12.562707
CC(C)[C@@H](CNC(=O)N1CCc2ccc(Cl)cc2C1)c1cccnc1,6.7489543,11.698809,12.624404
CCOC1CC[NH+](CC[C@@H](O)c2ccc(C)c(F)c2)CC1,5.8559732,12.359417,12.494696
CC(C)CN1CCO[C@@H](CNC(=O)/C=C/c2ccnc(Cl)c2)C1,6.286504,12.304124,12.431937
Cc1ccc2nc(NC(=O)c3ccc(OCc4nc(-c5ccco5)cs4)cc3)sc2c1,7.122601,10.7803545,12.423059
C/C(=C/C(=O)N[C@@H](C)c1c(C)noc1C)c1ccccc1OC(F)F,6.0574074,10.464734,11.543981
CCC[C@H](C)C(=O)N[C@H](C)c1cccc(Br)c1,4.83984,11.651573,12.758259
C[C@H](NC(=O)N1CCCC[C@@H]1C1OCCO1)c1cccc(-n2ccnc2)c1,7.0226455,11.781537,12.469013
CCN(C(=O)Cn1nc2n(c1=O)CCCCC2)[C@H]1CCS(=O)(=O)C1,6.5105753,11.669433,11.096642
COc1cc([C@@H]2CC(=O)Nc3c2cnn3Cc2cccnc2)cc2c1OCO2,7.4256606,10.8436575,12.313514
COC[C@H](NC(=O)Nc1cn[nH]c1)c1ccc(F)c(F)c1,5.5743456,11.102752,11.878883
C[C@@H](C(=O)C1=c2ccccc2=[NH+]C1)[NH+]1CCC[C@@H]1[C@@H]1CC=CS1,6.597319,11.931397,12.848701
CCS(=O)(=O)CCN(C)Cc1c[nH]nc1-c1ccc(C)cc1,6.2709236,11.633658,10.867007
COc1ccc([C@@](C)([NH3+])Cc2[nH+]ccn2C)cc1,4.970951,12.080464,12.739744
Cc1noc(C)c1COc1ccc(C[NH2+]C[C@H]2CCCO2)cc1,6.253731,12.130904,12.651536
C[C@@H]1Cc2ccccc2N1C(=O)[C@H]1CCCN(C(=O)NC2CC2)C1,6.556254,12.009215,13.096902
COc1ccc(CCCC(=O)Nc2cccc(S(N)(=O)=O)c2)cc1F,6.493882,11.109498,11.092477
COc1ccc(-c2csc(NC(=O)Nc3ccc(F)cc3)n2)cc1OC,6.472116,10.746042,11.951176
Cc1ccc(C)c(S(=O)(=O)N2CCN([C@H](C)c3nc(N)nc(Nc4ccccc4)n3)CC2)c1,7.416967,11.216741,11.392798
COc1cccc(C(=O)N[C@@](C)(C(N)=O)c2cccc(Cl)c2)c1,5.8376045,11.020808,12.411403
CCc1ccsc1-c1cnc(C[NH3+])o1,4.5916147,12.092664,12.379194
Cc1csc([C@H](C)NC(=O)CCC[NH+]2CCCCC2)n1,5.3156786,12.498141,12.619856
Cn1cnn(C[NH+](Cc2ccc(F)cc2)C2CC2)c1=S,5.733751,11.697308,12.567927
O=C(Nc1ccc2ncccc2c1)C(=O)NC1CCC(O)CC1,6.2916527,11.343245,12.408086
CC(=O)C[C@]1(O)C(=O)N(Cc2ccc(C)cc2)c2c(C)cccc21,6.5357933,11.276652,12.843155
COc1ccc([C@H](CNC(=O)c2cccc3ccccc23)[NH+]2CCCC2)cc1,7.3483896,11.683698,12.5142765
CC1(C)[C@@H]2CC[C@@]1(C)[C@H](NC(=O)COc1ccc(C3SCCCS3)cc1)C2,7.3790817,12.008035,12.231316
Cc1c(C)n(-c2ccccc2)c2nc(C(=O)Nc3ccc(F)cc3)nc(N3CCCCC3)c12,7.733991,11.0830345,12.119435
CC(C)C(=O)Nc1cccc(NC(=O)C(=O)NCC[C@H]2C[C@H]3CC[C@@H]2C3)c1,7.222707,11.903083,12.22203
CCNc1ncc(COCC2CCCCC2)s1,5.0740023,12.4308405,12.675969
O=C([O-])CC1=C(C(=O)[O-])CCCC1,4.5917215,12.027985,12.176035
CNC(=O)c1ccc(NC(=O)c2csc(-c3ccccc3)n2)cc1,6.1830163,10.680631,12.400585
C[C@H](NC(=O)[C@H]1CC[C@H](C[NH3+])O1)C(=O)N(C)C,4.952281,12.450593,12.193382
Cc1ccccc1[C@@H]1C[C@H](C)N(C(=O)[C@@H](C)Sc2ccccn2)C1,6.658828,11.851574,12.669723
CC[C@](C)(C[NH3+])[C@H](O)c1ccc2c(c1)OCO2,4.9180517,12.169442,12.573527
CC[NH2+][C@H](Cc1ccccc1Cl)[C@H]1C[NH+](C)CCN1C,5.389067,12.649958,12.732444
COc1ccc(Br)cc1/C=C/C(=O)N1CCN(C(=O)c2ccccc2)CC1,6.212525,10.576031,12.627377
NC(=O)COc1ccc(C(=O)N[C@H]2CCCc3ccccc32)cc1,6.306435,11.139187,12.496521
Cc1ccc(N2C(=O)[C@@H](Cc3cccc(C)c3)S/C2=C(/C#N)C(N)=O)cc1,6.9078736,10.96867,12.421792
ClCCc1nc2cccnc2n1CCn1cccn1,5.4875474,11.211942,12.741544
COc1ccc2nc(Nc3ccc4c(c3)CCC4)sc2c1,5.7240777,11.187044,12.8805485
O=C(CSc1nnc(-c2ccco2)n1-c1ccccc1)c1ccc[nH]1,6.3214374,10.566219,12.458268
CCn1nnnc1/N=C/c1ccccc1OC,4.8455696,11.486295,12.3037615
C/C(=C\c1ccc2c(c1)CCO2)C[NH3+],4.591619,12.111638,12.540832
CC1([C@H]([NH3+])Cc2cccs2)CCCC1,4.7065015,12.432436,12.725778
C#CCOc1ccc(/C=C2\SC(=O)N(Cc3ccc(F)cc3)C2=O)cc1,6.3434787,11.039457,12.054439
O=C(/C=C/c1cc(Br)cs1)Nc1ccc(Cl)nn1,5.0612617,10.8674,12.40645
Cc1cccc([C@@H](C[NH3+])S[C@H](C)CCO)c1,4.7821574,12.228255,12.664499
C[C@H](C#N)CNC(=O)C(=O)Nc1ccc2nc(C3CC3)oc2c1,6.0028887,11.3690605,12.378844
CCCCC(=O)c1c(C)cc(C)[nH]c1=O,4.7151732,11.974067,12.358351
CN(Cc1ccccn1)S(=O)(=O)c1ccc(OC2CCCC2)cc1,6.485342,11.415095,10.948932
O=C(CNC(=O)c1ccccc1)N[C@@H](CO)Cc1c[nH]c2ccccc12,6.5534496,10.868535,12.491452
Cc1cccc(NC(=O)[C@@H](C)[NH+]2CCC[C@H](c3nncn3C3CC3)C2)c1,6.8180113,12.060719,12.95051
COc1ccccc1CN1CCO[C@H](c2cccc(OC(F)F)c2)C1,6.0788813,10.849265,11.721983
Cc1nc(C2CCCC2)sc1-c1nc(-c2ccc(C#N)cn2)no1,6.1654325,11.519834,12.721355
Cc1ccc(-n2ncc(C(=O)N3CC[C@@H](C)[C@H](O)C3)c2C2CC2)cc1Cl,6.829068,11.801131,13.01227
O=C([O-])c1ccccc1/C=N/n1cnnc1SCc1ccccc1,6.2511415,10.5921955,12.304719
CCn1c(C[NH2+][C@@H]2CCCc3c2cnn3C)nc2ccccc21,6.4419193,11.523139,12.913522
CC(=O)C1=CC[C@H]2[C@H]3CCC4=CC(=O)CC[C@@]4(C)[C@@H]3C(=O)C[C@]12C,7.546131,11.979831,12.335613
C[NH+](C)CCN(C(=O)c1ccco1)c1nc2ccc(S(C)(=O)=O)cc2s1,6.6520143,11.155721,11.235769
C[C@H](Oc1ccc(Br)cc1)C(=O)NCCc1c[nH]c2ccccc12,6.0652676,10.581202,12.647381
C[C@H](OC(=O)[C@@H]1CCC[C@@H](C)C1)[C@@H]1CCCO1,5.0610404,12.651378,12.393656
CCC(CC)[C@H](CNC(=O)c1cnc2c(C)cccn2c1=O)[NH+](C)C,6.8465843,11.672342,12.74105
CCC[NH2+][C@H]1[C@H](S(=O)(=O)C(C)C)CCC1(C)C,5.413388,12.839078,12.310845
CC(C)NS(=O)(=O)c1ccc(C(=O)Nc2ccc(Cl)cc2)cc1,6.349695,11.246012,10.948152
Cn1ncc2c1CCC[C@H]2NC(=O)NC[C@H](O)COc1ccc(F)cc1,6.560983,11.434505,12.249526
CC[S@@](=O)[C@@H]1CCCC[C@@H]1NC(=O)c1ccc(-n2cncn2)c(F)c1,6.2689276,11.634354,12.0401745
C[C@H]1CCOCCN1C(=O)NCc1ccc(-n2ccnc2)nc1,6.334294,12.014516,12.425342
Cc1cc(Br)ccc1N1C[C@H](C)CS1(=O)=O,5.3832493,11.406775,11.595053
Cc1ccc(Oc2cccc(C(=O)Nc3nccs3)c2)nn1,5.667318,10.660634,12.312483
Cc1c(F)cccc1NC(=O)NCCCC[NH+]1CCC[C@@H](C)C1,6.084474,12.405568,12.373481
Fc1cccc([C@H](C[NH2+]C2CC2)Cc2cccs2)c1,5.3218474,11.984237,12.716503
CNC(=O)CN1CCN(C(=O)c2nc(C)n[nH]2)CC1,5.301088,12.283295,12.251007
CC(C)(C)c1ccc(C(=O)N(Cc2cccnc2)c2nc3ccc(S(C)(=O)=O)cc3s2)cc1,7.5486245,11.042273,11.725584
CC(C)c1ccc([C@H]2C[C@@H]2C(=O)N2CCN(CC(N)=O)CC2)cc1,6.5487213,12.092872,12.955093
COCC[N+]1=C(C)C[C@@H](C(=O)CSc2nccc([O-])n2)[C@H]1C,5.7319527,11.85921,12.498618
CNC(=O)Cn1ccc2ccc(NC(=O)Cc3cccc([N+](=O)[O-])c3)cc21,6.845765,10.683246,12.212802
O=C(c1ccc(-c2ccccc2)cc1)N1CCN=C1SCc1cccc(F)c1,7.0342274,11.203245,12.472244
CCn1c(CC[NH3+])nnc1Sc1ncnc2ccc(F)cc12,5.8617387,11.349152,12.885227
Cn1ncnc1NC(=O)NCCCC[NH+]1CCCC1,5.206442,12.541713,12.26414
C[C@H](Nc1cc(F)cc(F)c1)c1cc(F)ccc1O,5.3252707,11.140836,12.014841
C=CCNC(=O)/C(C#N)=C\c1ccc(OCC)cc1,5.238423,11.575435,12.475639
C[C@H]1COC2(CCN(Cc3cc4ccccc4s3)CC2)O1,5.732908,12.110951,12.930286
Cc1cc(CCl)cnc1N(C)c1ccccc1,4.731367,11.534907,12.537933
C[C@H]1CC(N)=C(C#N)C1(C#N)C#N,4.561893,11.72596,12.381446
CC(=O)N[C@@H](CC(=O)N[C@H](C(N)=O)C(C)(C)C)c1c(F)cccc1F,6.0886235,12.110605,11.95789
CC(C)CC[C@@H](C)NC(=O)Nc1ccc([S@@](C)=O)c(F)c1,5.8773866,12.142199,12.173768
NC(=O)c1c(NC(=O)c2cc([N+](=O)[O-])ccc2N2CCOCC2)sc2c1CCC2,7.1215167,10.869879,12.062155
CC(C)CNC(=O)CNC(=O)[C@H]1CCC[NH+]1Cc1ccc(F)cc1,6.3275943,12.177539,12.284701
CC(=O)NNC(=O)c1ccsc1NC(=O)c1ccc([N+](=O)[O-])cc1,5.897668,10.632144,12.09225
CC(C)Oc1ccccc1NC(=O)C(=O)NCc1ccncc1,5.974257,11.24306,12.2936125
CCS[C@@H]1CC[C@@H](NC(=O)C(=O)Nc2cc(C)nn2C)C1,5.453763,12.134162,12.475609
CCc1nsc(N2C[C@@H](C)C[C@@H]2c2ccccc2F)n1,5.747689,11.582305,12.804231
CC1(C)[C@H]2CC[C@]1(CS(=O)(=O)NCc1ccccc1N1CCOCC1)C(=O)C2,7.4924207,11.981579,12.107917
COc1cccc([C@H]2CCCN2C(=O)Nc2ccc(N3CCCC3=O)cc2)c1,7.1374445,11.587913,12.481127
O=C(CCc1nc2ccccc2[nH]1)NCCC(=O)N[C@@H]1CCS(=O)(=O)C1,6.4364953,11.595339,11.315833
c1ccc(-c2csc3ncnc(Nc4ccc5c(c4)OCCO5)c23)cc1,6.641654,10.8042965,12.712009
Cc1csc(C2([NH2+]Cc3cnc(-c4ccsc4)s3)CCCC2)n1,6.4392276,11.772567,12.871689
CC[NH2+][C@@]1(C(=O)[O-])CC[C@@H](Oc2cccc(OC)c2)C1,5.3294325,12.036456,12.232588
CCSC1(CNC(=O)Nc2cc(-c3ccccc3)on2)CCOCC1,6.544421,11.94057,12.396616
C[C@H](Cn1ccnc1)NS(C)(=O)=O,5.755276,11.746781,11.029007
COc1cccc(C[NH+]2CCC[C@H](C(=O)c3ccc(SC)cc3)C2)c1OC,7.0548005,12.009842,12.596808
CSc1ncc2c(-c3ccccc3)n[nH]c2n1,4.7869387,11.249161,12.524514
C[C@@H]1CCc2sc(C(=O)N3CC[S@@](=O)C(C)(C)C3)cc2C1,5.719999,12.377016,12.17216
C#CCOc1c(Cl)cc(/C=C2/C(=O)N(c3ccc(F)cc3)C(=O)N=C2[O-])cc1OC,7.068923,10.739822,11.911486
Cc1ccc2cc(C(=O)NCCCCC(N)=O)[nH]c2c1,5.4402213,11.777438,12.570476
COC(=O)[C@H](NCC(F)(F)F)c1cncn1C1CC1,5.6899366,10.464599,11.376854
Cc1ccc(O[C@H](C)CNC(=O)[C@H]2CS[C@@]3(C)CCC(=O)N23)cc1,6.5245824,11.513027,12.385581
NC(=O)c1cccc(CNC(=O)[C@@H]2C[C@H]3CC[C@@H]2O3)c1,5.822913,11.652759,12.681459
C/C(=C\c1ccccc1)C(=O)Nc1ccc([N+](=O)[O-])cc1C,5.8556223,10.926873,12.171491
C[C@@H](Oc1cccc(Cl)c1Cl)C(=O)N1CCC(CN(C)C(=O)OC(C)(C)C)CC1,6.8788276,12.302668,12.171754
O=C(Cc1cc(F)ccc1F)N1CCO[C@@H](c2ccc(Cl)cc2)C1,6.239867,11.043112,11.907059
O=C(CCc1nnc2ccc(NCc3ccccc3Cl)nn12)Nc1ccc2c(c1)OCCO2,7.414552,11.00779,11.970538
CCOC(=O)c1c(C)[nH]c(C(=O)/C(C#N)=C/c2cccc(F)c2)c1C,6.284803,10.939458,12.232638
Cc1ccccc1Cc1noc(CSc2ncnc3nc[nH]c23)n1,6.1509833,10.714244,12.611208
COc1ccc([C@@H](C)[NH2+][C@@H](C)c2ccc(F)cn2)c(OC)c1,5.5577927,11.679817,12.50982
Fc1ccc([C@H]2Oc3ccc(Cl)cc3C3=C2[C@H](c2cccnc2)N2NC=NC2=N3)cc1,7.580751,10.953001,12.387631
Cn1cnnc1C[NH+]1CC[C@]2(CCCN(C3CCCC3)C2=O)C1,6.8732896,12.294073,12.610297
COc1ccc(N2CCn3c(SCC(=O)Nc4nc(C)cs4)nnc32)cc1,6.8899803,11.121668,12.201423
CN1CCc2cc([C@H](CNC(=O)C(=O)Nc3ccccc3F)[NH+](C)C)ccc21,7.167322,11.617211,12.253091
CC(C)c1ccc(CN(C)Cc2cc(=O)n(C)c(=O)n2C)cc1,6.135172,12.18123,12.270021
CCn1ncc(Br)c1C(=O)N[C@@H]1C(=O)N2C(C(=O)NCC(C)C)=C(C)CS[C@@H]12,7.211729,11.015298,12.087841
O=C(NC1CCCCC1)[C@H]1SC(=S)n2c1nc(=O)c1cc3c(cc12)OCO3,7.247768,11.010381,12.572932
COCCOc1cccc(C[NH+]2CCC2(C)C)c1,5.175911,12.540775,12.686714
CCN(C(=O)CNC(=O)NCC1CCCC1)c1nc(C)cs1,5.780737,12.217585,12.436752
C[C@@H]([NH2+]C[C@@H](C)[S@](C)=O)c1ccc(F)c(F)c1,5.112793,11.959052,12.308608
C[C@@H](NCc1nnc(-c2ccccc2)s1)c1ccc(-c2ccccc2)o1,6.84811,11.132937,12.484327
CS(=O)(=O)N1CCCN(S(=O)(=O)c2ccc(F)c(F)c2)CC1,6.237402,11.012874,11.08145
COc1ccc(Br)cc1C(=O)NC(=S)Nc1cc(C)cc(C)c1,5.7885537,10.580362,12.677376
Cc1ccc(NC(=O)C[NH+]2CCSC(C)(C)C2)c([N+](=O)[O-])c1,5.6445456,12.230144,12.361245
CC1=[N+](c2ccc(C)cc2)C(SCC(=O)Nc2cccc(C(F)(F)F)c2)=NC(C)(C)C1,6.858376,10.867751,11.347163
O=C(NCCN1CCOCC1)C1=Cc2ccccc2OC1,5.771182,11.97594,12.6855135
Cc1cccc(-c2nc3scc(CCNC(=O)C(=O)Nc4ccccc4Cl)n3n2)c1,6.9651613,10.565708,12.491021
Cc1ccc(-[n+]2cc(-c3ccc(Br)cc3)n3c2CCC3)cc1,5.9871297,10.918885,12.878585
Cc1nc(-c2ccccc2)c2c(n1)[C@@]1(C)CC[C@@H]2C1(C)C,5.852607,11.934177,12.99111
O=C(Nc1cccc(SC(F)F)c1)C1(O)Cc2ccccc2C1,5.8572307,11.067657,12.091053
NC(=O)[C@]1([NH2+]C2CC2)CC[C@H](Oc2cc(F)cc(F)c2)C1,5.786559,11.682161,12.082722
O=C(N[C@H]1C[NH+](C(CO)CO)C[C@@H]1C1CC1)c1ccsc1,5.8574543,12.024173,12.867348
CCC[NH+](C)C[C@@H]1CCN(Cc2cc(Br)ccc2[N+](=O)[O-])C1,5.9894433,12.291681,12.75606
FC(F)n1ccnc1CSCc1nc(-c2cccc(Cl)c2)no1,5.7973104,10.509046,11.806152
CC[C@H](CC(=O)N1CCOC[C@H]1C(N)=O)c1ccccc1,5.575577,11.903113,12.517899
C[C@@H](C(=O)NCc1ccccc1F)C1CCN(C(=O)c2ccc3nc(-c4ccccc4)oc3c2)CC1,7.732689,11.261461,11.912045
COc1cccc(CN/C([O-])=C/n2ccc3sccc3c2=O)c1,6.0356965,10.818883,12.520306
Cc1cc([C@](C)(O)CNC(=O)[C@H]2CCCN2C(=O)CC(C)(C)C)c(C)o1,6.4556637,12.526378,12.043713
SCCCCn1cc[nH+]c1,4.6738706,12.531196,12.501551
C[C@@H]1CCCN(C(=O)Cn2cnc3c(nc4n3CCCCC4)c2=O)C1,6.9649363,11.865903,12.738043
Cc1cc2cc(CNC(=O)[C@H]3CCC(=O)N(CCCN4CCCC4=O)C3)ccc2[nH]1,7.634278,11.479356,12.053916
C[NH2+][C@H](Cc1c(F)cccc1Cl)c1cscc1Br,5.080266,11.030658,12.581158
O=C(NCC(=O)N1CC=C(c2ccccc2)CC1)NCc1ccccc1,6.7296004,11.608644,12.263599
CC(C)NC(=O)c1ccc(OCC(=O)N2[C@@H](C)CCC[C@H]2C)cc1,6.414513,12.335897,12.247727
CCOC(=O)c1ccc(/[NH+]=c2\oc3c(OCC)cccc3cc2C(N)=O)cc1,7.238002,10.935452,12.213918
COc1cc(/C=C/c2cc(C(=O)[O-])c3ccccc3n2)ccc1OCC(=O)[O-],6.87861,10.846411,12.140781
Cc1nc(CCNC(=O)c2ccc(OCC(F)F)nc2)cs1,5.632643,10.952703,11.808381
C[C@H](CCc1ccccc1F)[NH2+]CCc1nc2cc(F)ccc2n1C,6.623068,11.227209,12.6006155
CCCn1nnnc1C[NH+](C)C1CCN(c2ccc(F)cc2)CC1,6.6859145,11.886876,12.522558
COc1ncnc(N2CC[NH2+][C@H](C)C2)c1[N+](=O)[O-],5.019993,11.64843,12.020105
CC1(C)C(=O)N(CC2(CC(N)=S)CC2)S1(=O)=O,5.480514,11.549554,11.478947
Cc1cc(NC(=O)[C@H]2CCOc3ccccc32)c2ncccc2c1,6.486679,10.953924,12.981812
Cc1nn(C)cc1CN1CCN(C(=O)[C@@H]2C[C@@H]2C)CC1,5.6288853,12.450465,12.7005415
C[C@@H]1CCC[NH+](CCCCNC(=O)Nc2ccccn2)C1,5.4839935,12.462731,12.4090185
CCNc1nc2c(s1)[C@@H](c1ccc(Cl)c(Cl)c1)CC(=O)N2,5.7160945,10.855444,12.727187
C[C@@]1(c2ccc(C[NH3+])cc2)NC(=O)NC1=O,4.92004,11.904119,12.321809
CCOC(=O)c1nc2ccccc2nc1Nc1ccc(F)cc1F,6.2963696,10.575418,12.089909
C[NH2+][C@@]1(C(=O)[O-])CC[C@H](Sc2nccc(=O)[nH]2)C1,5.0217075,11.825487,12.160456
C[NH+]1CCN(Cc2ccc(C[NH2+]Cc3cnn(-c4ccccc4)c3)cc2)CC1,7.272301,12.077721,12.451711
N#C[C@H]1CCC[C@@H]1NC(=O)c1c(F)ccc([N+](=O)[O-])c1F,5.3627415,11.227648,11.886512
CNC(=S)N1CCCN(c2ccc(C#N)cn2)CC1,5.3056626,11.937062,12.494674
C[C@@H](c1cscc1Br)[C@@H](C)Cl,4.6863403,11.584427,12.689513
CCOC(=O)c1cccc(NC[C@H](O)c2ccc(Cl)cc2)n1,5.6118846,11.135655,12.310129
CC(=O)N[C@@H]1C(=O)N(Cc2ccccc2OCCC(C)C)c2ccccc21,7.2823014,11.525322,12.462429
CC(=O)N[C@@H](C)C(=O)Nc1ccc(F)c(Cl)c1,5.171458,11.11156,11.996399
C[S@@](=O)c1ccc(C[NH+]2CCC(OC[C@H]3CCCO3)CC2)cc1,6.45872,12.362375,12.545267
CNC(=O)[C@@H]1CCCN(S(=O)(=O)c2c(C)nn(CC(=O)NC(C)(C)C)c2C)C1,7.029038,11.353028,11.199286
O=C(COc1c(Cl)cc(Cl)cc1Br)NNC(=O)c1ccc([N+](=O)[O-])cc1,6.036327,10.567064,12.07311
Cc1sc(NC(=O)Cc2ccc(F)cc2)nc1-c1ccc(F)cc1,5.8547444,10.708945,12.21411
Cc1cc([C@@H](C)NC(=O)[C@@H](C)c2ccsc2)c(C)s1,5.1854186,11.691757,12.772212
CCCNC(=O)Cn1nc(-c2ccccc2)c2ccccc21,6.140993,11.25807,13.048722
Cc1cc(C)c2nc(N(CC[NH+](C)C)C(=O)c3cc(C)n(C(C)C)n3)sc2c1,7.178991,11.466584,12.86559
COCC[C@]1(C)O[C@]1(C(=O)OC)C(C)C,4.7592573,12.352769,12.25737
Cc1c(NC(=O)c2cc(F)ccc2O)cccc1C(=O)N1CCOCC1,6.5486126,10.969067,11.990736
CC(C)NC(=O)NC(=O)[C@@H](C)N1CC[NH+](CCc2ccccc2)CC1,6.645813,12.4188385,12.372276
NC(=O)c1ccc(-c2nnn(CC(=O)NCC3CCCCC3)n2)cc1,6.5969734,11.641534,12.350828
Cc1nnc(N(CCC(C)C)C(=O)c2ccc(Cl)cn2)c2ccccc12,6.9351573,11.302409,12.821918
CC[C@@H]([NH3+])[C@H](c1cc(Br)cs1)N(C)CCS(C)(=O)=O,5.4777,11.588378,11.603733
c1ccc([C@@H](C[C@@H]2CCOC2)[NH2+]C2Cc3ccccc3C2)cc1,5.6823626,12.404367,12.84617
CN1CCO[C@@H]2CN(Cc3ccc(C#N)o3)C[C@@H]21,5.5137453,12.080169,12.671089
COc1cccc(CC(=O)N2CCC[C@@H](c3ccc(Cc4ccccc4)cn3)C2)c1,7.4341044,11.674516,12.231824
CC(C)C[C@H]1COCCN1C(=O)CSCC(=O)c1ccccc1,6.1174064,12.202126,12.478678
CCCc1cc(C(=O)Nc2ccc3ccccc3c2)n(C)n1,5.9800577,11.237199,13.030761
Cc1noc(C)c1CC(=O)NCc1nnc2n1CCCC2,6.0577226,11.788388,12.564405
CCOC(=O)[C@@]1([NH2+]C)CC[C@H](S[C@@H]2CCC[C@H](C)C2)C1,5.4733076,12.825199,12.494394
O[C@]1(C[NH2+][C@@H]2CCN(CC(F)(F)F)C2)CCCc2ccccc21,5.9139633,10.541477,11.418713
C[C@@H]1CN(Cc2noc(-c3ccc(F)cc3)n2)CC[C@@H]1[NH3+],5.6681886,11.67107,12.360867
COC[C@H]([NH2+][C@H]1CCCN(c2ccccc2F)C1)C(C)C,5.7015915,12.476771,12.519845
Cc1cccc2[nH+]c(CNC(=O)NCCNc3ccc4ccccc4n3)cn12,6.807577,10.912166,12.614488
CC(C)(C)C[NH+]1CCC(Oc2ccc(C(=O)N[C@@H]3CCOC3)cc2Cl)CC1,6.9427533,12.3246765,12.321259
Nc1ccc2c(c1)CC[C@H]2Nc1ccc(I)cc1,5.014259,10.778055,12.6516
O=C(CN1CCN(Cc2cccnc2)CC1)N1CCC[C@H](C(F)(F)F)C1,5.9787254,10.499329,11.368301
C[C@H](Cc1c(Cl)cccc1Cl)NC(=O)CCC(=O)NC1CCCC1,6.4849863,11.785664,12.361022
O=C(Nc1ccccc1)N1CCC([C@@H](O)c2ccc(Cl)cc2)CC1,6.522309,11.69884,12.530759
COc1ccc(N)cc1-c1ccccc1,4.6575656,11.670707,12.511844
COc1cc(Cl)c(C)cc1NC(=O)CSc1nnnn1-c1cccc(F)c1,6.6866775,10.690727,12.174858
Cc1cc(CC(=O)Nc2ccc(OC(F)F)c3ncccc23)no1,5.8632855,10.432601,11.641833
CCOC(=O)[C@H]1CCCN(c2ncnc(NNC(=O)c3ccccc3)c2N)C1,6.8597794,11.541434,12.331729
CSC[C@@](C)(O)CNC(=O)c1c(C)nc2ccccn12,5.4674344,11.612066,12.72925
C[C@H]1CCC[C@]2(CC[NH2+]C[C@@H]2c2cccc(Br)c2)C1,5.4675283,12.457618,12.891924
CCn1cnnc1SCC(=O)c1ccc(OC)cc1OC,5.413497,11.388138,12.5791
CCN(CC)c1ccc(/C=C2/SC(=O)N([C@H](C)C(=O)OC)C2=O)cc1,6.477568,11.385289,12.524897
O=S(=O)(Cc1noc(Cc2ccccc2)n1)c1ccc2ccccc2c1,6.8049736,11.090261,11.502989
CCOc1c(OC)cc(C[NH+]2CCNC(=O)[C@@H]2CC)cc1OC,6.5932937,12.243596,12.618357
CC[C@@H]([NH2+]CCCC(C)(C)C)c1cnn(C)c1,5.006578,12.692719,12.564019
Cn1ncc(SCC(=O)[O-])c(Cl)c1=O,4.830968,11.19659,12.103189
CCN(CC)c1ncnc(Cl)c1[N+](=O)[O-],4.8742113,11.757383,12.109587
Cc1csc(CSc2ccc(N)cc2Cl)n1,4.766825,11.406337,12.627041
Cc1ccc(NC(=O)[C@@H](C)Sc2nnnn2C2CC2)c(F)c1,5.8311768,11.480126,12.1688175
Cc1cc2c(c(=O)o1)C(c1ccc(Cl)c(Cl)c1)c1c(cc(C)oc1=O)O2,6.649371,10.784093,12.400905
CCOc1ccc(F)c(C(=O)NCc2ccnc(OC(C)(C)C)c2)c1F,6.202867,12.001567,11.972345
Cc1cc2ncn(CC(=O)N[C@H](C)c3cc4ccccc4o3)c2cc1C,6.779893,11.07456,12.82239
COc1ccccc1Nc1nc(N)nc(CSc2ccccc2C)n1,6.43263,10.946828,12.355317
CCN(Cc1cccc(NC(=O)N(C)CCc2ccccn2)c1)C(C)=O,6.6938343,11.809982,12.377886
CNC(=O)[C@@H]1C[NH2+]CCN(C(C)=O)C1,4.6466227,12.468962,12.338727
C[C@@H](NC(=O)N1CCC[C@@H](O)C1)C(C)(C)c1ccccc1,5.710487,12.588903,12.420061
COC(=O)c1ccc(CN2C(=O)N[C@H](Cc3ccccc3)C2=O)o1,6.1696835,11.101921,12.218313
O=C(Nc1ccc(C(=O)NCCc2ccccc2)cc1)NC1CC1,6.469287,11.779497,13.104384
C[C@@H](N[C@H]1CCCSc2ccccc21)c1nc(-c2ccncc2)cs1,7.3366857,11.982049,11.672299
C[NH+](Cc1c[nH]nc1-c1ccccc1)C[C@@H](O)CN1CCOCC1,6.5235343,12.370232,12.71691
COc1ccc(-n2nc(C(=O)N[C@H](C)[C@H](CO)SC)cc2C)cc1,6.202367,11.628996,12.586616
Cc1nc(C)c(C(=O)Nc2ccc(Oc3ccccc3)cn2)o1,5.778877,10.824129,12.391968
COC(CNC(=O)C(=O)Nc1c2c(nn1-c1ccccc1C)CSC2)OC,7.0033226,11.094365,12.049206
CCc1onc(C)c1NC(=O)c1c(C)oc(-n2cccc2)c1C#N,5.96516,10.960104,12.453896
CCSc1nnc2n(N)c(=O)c3ccccc3n12,4.9121614,11.277036,12.376214
CC1(C)C[C@@H]1NC(=O)[C@@](C)(N)C(F)(F)F,5.568154,10.440209,11.340272
Cc1nn(-c2ccccn2)c(C)c1N1CCN(C(=O)Cn2ccc3ccccc32)CC1,7.7552905,11.398781,12.117403
C[NH2+]Cc1cc(F)c(OCCOc2ccccc2)c(F)c1,5.472278,11.556575,12.265897
Cc1nn(CN2CCN(C(=O)c3cccs3)CC2)c(=S)n1C1CC1,6.590279,11.836008,13.163902
Cc1nc2ccccc2n1CC/[NH+]=C(/N)NC1CCCCCC1,6.100555,12.351369,12.638288
Cc1ccccc1[C@@H](C)NC(=O)c1cc(-c2ccncc2)nc2ccccc12,7.1079297,11.187891,12.750669
CN(Cc1ccccc1)c1nc2nonc2nc1N1CCCO1,6.222946,11.246056,12.902519
Nc1ccc(OCC(=O)Nc2cccc3ccccc23)cc1,5.949943,10.937675,12.715801
COCc1cccc(C[NH2+]Cc2ccc(F)cc2)c1,5.2918687,11.816742,12.606772
CC(C)(C)NC(=O)CNC(=O)Nc1cnn(CC(F)F)c1,5.7584386,11.803297,11.923696
CCOC(=O)c1c(NC(C)=O)sc([C@H](C)O)c1-c1ccccc1,6.1623163,11.378494,12.789891
COc1ccccc1-n1cc(C(=O)N2CCc3[nH]c4ccccc4c3C2)cn1,7.373278,11.082465,12.6139
CCOC(=O)CCN1CCN(C(=O)[C@@H]2C[C@@H]2C)CC1,5.3641934,12.551095,12.436679
CC(=O)Nc1cc(NC(=O)N[C@@H](CCO)c2cccs2)ccc1C,6.052249,11.304297,12.5138235
O=C(CCc1ccc(F)cc1)Nc1cnn(CC2CC2)c1,5.77626,11.618056,12.258382
CCn1cc(C(=O)N2CCC(c3nnc(Cn4ccnc4)n3C)CC2)cn1,6.867591,11.797628,12.506311
COc1ccccc1[C@@H](Nc1nccn(C)c1=O)c1ccccn1,6.1290174,11.144581,12.378409
O=C(CCCN1C(=O)CNC1=O)N[C@H]1CCN(c2c(F)cccc2F)C1,6.4940867,11.511394,12.141977
O=C(Nc1ccc2ncccc2c1)[C@@H]1CCCC[C@@H]1C(F)(F)F,5.822702,10.27378,11.264343
Cc1ccc(C[NH+]2CCC(N3CCC(C(=O)N4CCOCC4)CC3)CC2)o1,6.9687476,12.404114,12.45047
CCCCN(C)C(=O)[C@@H](c1ccccc1C)N(C)C,5.181061,12.285569,12.466205
Cc1cc(OC(=O)Cc2cccs2)cc2c1C(=O)/C(=C/c1ccccn1)O2,6.4229116,10.676077,12.670698
C[C@@H](NC(=O)c1cc(C[NH+]2CCC(O)CC2)on1)c1cn(C)c2ccccc12,7.260452,11.834835,12.545217
O=C(CSc1nnc(-c2ccco2)n1-c1ccccc1)c1c[nH]c2ccccc12,7.0591955,10.6912,12.53232
CC(C)[C@H](O)CCNC(=O)Nc1ncn(Cc2ccc(C#N)cc2)n1,6.2015934,11.56062,12.300694
C[C@@H](Oc1ccc(Cl)cc1Cl)C(=O)Nc1nnc([C@@H]2CC(=O)N(c3ccc(F)cc3)C2)s1,7.3916287,10.98694,11.750129
CCn1cc(-c2cc(C(F)F)c3c(C)noc3n2)c(C)n1,5.999813,10.836392,12.361467
O=C(NC[C@H]1CC[C@@H](C(=O)[O-])O1)c1ccc(Br)c(F)c1,5.179083,10.868267,12.21618
CC(C)[C@H](C(=O)N1CCC[C@H](n2cccn2)C1)n1cncn1,5.916459,12.02806,12.638257
C[C@H](CCOc1ccccc1)C(=O)N[C@@H](C#N)c1ccccc1F,6.0589,11.272125,12.141024
CC(C)[C@H]1C[NH2+]CC[C@]12CCO[C@H](C)C2,4.838389,12.642612,12.651766
C[NH+](Cc1cccc2cn[nH]c12)C1CCN(C(=O)OC(C)(C)C)CC1,6.5722756,12.464111,12.141361
CC[C@H](C)NC(=O)CNC(=O)c1ccc(C)c(C)c1,5.1750813,12.083808,12.25191
CN(C)C(=S)N(C(=S)N(C)C)c1ccccc1,4.8214207,11.982068,12.564673
C[C@H]1CCC[C@H](C)N1C(=O)c1ccc2c(c1)COCO2,5.615924,12.007161,12.829822
O=C1NC([O-])=C2C[NH+](Cc3ccco3)CN=C2N1c1ccccc1F,6.642935,10.861732,12.269217
C[C@@H](N[C@H]1CCc2c(Cl)cc(Cl)cc21)c1nnc2ccccn12,6.132185,10.975355,12.9314995
Cc1ccccc1N1CCN(C(=O)[C@@]23CC[C@@H](C[C@@H]2Br)C3)CC1,6.637805,12.182303,12.8131485
CCC(CC)CNC(=O)N[C@H]1CCC[C@H](S(C)(=O)=O)C1,5.9515357,11.842148,10.922519
CCCC[NH+]1CCC(NC(=O)C2CC=CC2)CC1,5.1863565,12.655758,12.508614
COc1ncccc1CNC(=O)N[C@@H]1C[C@H]2CCCc3cccc1c32,6.7046466,11.622112,12.823824
CC[C@H](CC[NH3+])N1CCCN(CC(F)(F)F)CC1,5.091727,12.517818,12.147252
CC(C)(C)CS(=O)(=O)N1Cc2nc[nH]c2C[C@H]1C(=O)[O-],6.2933497,11.415304,10.790164
CCc1ccc([C@H](CO)NC(=O)[C@H]2C[C@@H]2c2ccc(F)cc2)cc1,6.2235956,11.741283,12.94953
Cc1sc2nc(SCC(=O)c3c[nH]c4ccccc34)n(C)c(=O)c2c1C,6.8173146,10.948853,12.843609
Cc1cccc(/C=C(/F)C(=O)[O-])c1C,4.695163,11.720087,12.170971
COc1ccc(OCc2nc(C)no2)c(/C=C/C(=O)[O-])c1,5.539072,10.979689,12.147263
COc1ccc([C@@H]2c3nc[nH]c3CCN2C(=O)c2cc(C3CC3)nc3ccccc23)cc1,7.6508965,11.03331,12.242643
COc1ccc(NC(=O)C(=O)N[C@@H]2C[C@H]2C2CCCCC2)cc1OC,6.8174424,12.102266,12.786227
Cc1cc(C(=O)N(C2CC2)[C@H]2CCc3ccccc32)c2ccc(F)cc2n1,6.984378,11.401983,12.981801
CCOc1ccccc1OC(=O)c1ccc(S(=O)(=O)C(F)F)cc1,6.08752,10.935469,11.236832
C[C@@H]1CSC(SCc2nc(-c3cccs3)n[nH]2)=N1,4.9515142,11.248008,12.620822
Cc1cnc([C@@H](NC(=O)N[C@H](CCO)c2ccccc2)C2CC2)s1,6.300733,11.771204,13.087518
O=C(CF)N[C@H](Sc1ccccc1)C(Cl)(Cl)Cl,5.0593476,10.996013,12.176029
CNS(=O)(=O)c1cccc([C@@H](C)NC(=O)C23CC4CC(CC(C4)C2)C3)c1,7.5003657,12.153936,12.176828
O=C(NCc1ccc(C(=O)N2CCCCC2)cc1)c1sccc1S(=O)(=O)NC1CC1,7.1314287,11.168525,11.218194
Cc1nc(-c2ccccc2F)sc1CNC(=O)NC(C)(C)C,5.8916526,12.13923,11.988648
CSc1nc2n(n1)[C@@H](c1sccc1C)[C@H]1C(=O)CCCC1=N2,6.485592,11.168127,13.002377
CC(C)n1ccc(C(=O)NCC2(O)CCSCC2)n1,5.2359657,12.141944,12.487648
O=C(C1CCC1)N1CCC[C@@H](c2ccnc3nccn23)C1,6.099175,11.828403,13.022425
C[NH2+]CC[C@@H](Sc1ccccn1)c1ccccc1,4.8966384,11.922364,12.696273
N#Cc1cnn(-c2ccc(N)cc2)c1Cl,4.624025,11.373927,12.394859
O=C(CSc1cccc(C(F)(F)F)c1)N1CCN(S(=O)(=O)c2cccs2)CC1,6.1634536,10.504195,11.142927
CC(=O)Nc1ccc(/C=C2\Cc3c(O)cccc3C2=O)cc1,5.8426538,11.005845,12.634337
CNC(=O)c1cccc(CNC(=O)Nc2c[nH]nc2-c2ccccn2)c1,6.42593,10.766666,12.353322
COc1ccccc1N(C)CC(=O)NCC(=O)Nc1ccc(F)c(F)c1,6.0638666,11.024181,11.913169
COc1ccccc1N1CCN(C(=O)[C@H](C)Oc2ccc(C)cc2C)CC1,7.063566,11.760996,12.6148205
CO[C@H]1CCCN(C(=O)NCCC[NH+]2CCCCC2)C1,5.287076,12.777134,12.474015
CCC(=O)Nc1cccc(-c2noc([C@H]3CCCN(C(=O)c4ccc(F)cc4)C3)n2)c1,7.350333,11.111998,11.84604
O=C(NCCCN1CCOCC1)c1nc(-c2cnccn2)no1,5.8946404,11.630427,12.436369
C=CCOc1c(Br)cc(CN(C)[C@H]2CC[NH+](C)[C@H](C)C2)cc1OC,6.250419,12.349334,12.779116
COc1ccc([C@H](NC(=O)c2ccc3nc(C)sc3c2)c2ccncc2)cc1,6.9945264,10.83864,12.530886
CCc1nc2n(n1)CCC[C@@H]2N[C@H]1CCN(C2CC2)C1=O,6.2839346,12.027369,13.103873
C[NH+](C)CCNC(=O)C[C@@H]1C(=O)NCCN1Cc1c(F)cccc1Cl,6.5231857,11.919684,12.157817
Cn1cc(NC(=O)C2(c3ccccc3)CC2)cc1C(N)=O,5.982368,11.662483,12.961343
[NH3+][C@@H]1CCCCC[C@@H]1c1nnc2c3[nH]cnc3ncn12,6.830897,10.778067,13.060452
C[NH2+]C1CCN(c2ccc(OC)c(F)c2)CC1,4.931018,12.149923,12.3816805
CC(C)C(=O)Nc1cccc(OCC(=O)Nc2ccccc2-c2ccccc2)c1,7.3171573,11.417297,12.1601095
C[NH+](C)[C@@H]1CC[C@H](NC(=O)C2CCN(CC(F)(F)F)CC2)C1,5.8743086,10.602944,11.436623
O=S(=O)(Nc1ccc(-c2ccc(N3CCCCCC3)nn2)cc1)c1ccc(F)cc1F,7.1743383,11.066461,11.565161
Cc1cnc(NC(=O)[C@H]2CC(c3cccc(F)c3)=NO2)s1,5.6104007,10.765395,12.222172
O=C([O-])c1cc(S(=O)(=O)[N-]c2ccc(F)cc2C(=O)[O-])c[nH]1,5.8843966,10.773238,11.19069
CC(C)OC(=O)[C@H](C)CNC(=O)N[C@H]1CC[C@H]([NH+](C)C)C1,5.973316,12.698833,12.239061
CC(=O)O[C@H]1CC[C@@]2(C)C(=CC[C@H]3[C@@H]4C[C@@H](C)[C@](OO)(C(C)=O)[C@@]4(C)CC[C@H]32)C1,7.6932573,11.954477,12.230532
Cc1csc([C@@H](C)NC(=O)CCOc2ccccc2)n1,5.205661,11.455005,12.638524
COc1cc2c3cnn(CN4CCN(c5ccccc5OC)CC4)c(=O)c3n(C)c2cc1OC,7.8353972,11.192648,12.137477
Cc1cccc2cc(C[NH+]3CCC[C@H]3C(N)=O)c(-c3cccc(Cl)c3)nc12,7.1593585,11.318457,12.79218
CO[C@H](CN[C@@H](c1cccs1)C1CC1)c1ccccc1,5.5222254,12.030316,12.994564
C[NH+]1CCC(C[NH+](C)C2CCC(c3ccc(O)cc3)CC2)CC1,6.648243,12.620776,12.577025
COc1ccc(-c2nnc3sc(-c4ccccc4Cl)nn23)cc1OC,6.782655,10.502518,12.541517
C[C@@H](CC(=O)c1ccc(F)cc1)NC(=O)C=C1CCSCC1,5.7269454,12.072761,12.376701
CSCC(=O)NNC(=O)c1c(O)cc(Cl)cc1Cl,5.1205606,11.238003,12.311003
C[C@H](CCc1ccc(F)c(F)c1)NC(=O)Cc1ccc[nH]1,5.5808816,11.454508,12.094589
CN(C(=O)CNc1ccc(Cl)cc1)c1ccccc1,4.9745636,11.402969,12.566966
